step,system_total_stopped,system_total_waiting_time,system_mean_waiting_time,system_mean_speed,system_cars_present,system_accumulated_waiting_time (100),system_accumulated_mean_waiting_time (100),system_accumulated_waiting_time (delta),system_accumulated_mean_waiting_time (delta),agents_total_stopped,agents_total_accumulated_waiting_time (100),agents_total_accumulated_waiting_time (delta),agents_mean_speed,agents_mean_waiting_time (100),agents_mean_waiting_time (delta),agents_cars_present,Ing7_1_stopped,Ing7_1_accumulated_waiting_time,Ing7_1_average_speed,Ing7_2_stopped,Ing7_2_accumulated_waiting_time,Ing7_2_average_speed,Ing7_3_stopped,Ing7_3_accumulated_waiting_time,Ing7_3_average_speed,Ing7_4_stopped,Ing7_4_accumulated_waiting_time,Ing7_4_average_speed,Ing7_5_stopped,Ing7_5_accumulated_waiting_time,Ing7_5_average_speed,Ing7_6_stopped,Ing7_6_accumulated_waiting_time,Ing7_6_average_speed,Ing7_7_stopped,Ing7_7_accumulated_waiting_time,Ing7_7_average_speed
1800.0,9.241241685144125,204.06740576496674,3.3657092372027404,8.125737191301722,58.742350332594235,690.430155210643,11.624670904783834,27.14589800443459,0.43492344019899204,6.095787139689579,157.35432372505542,22.427050997782704,6.721025252027603,6.882173676193478,6.882173676193478,23.610643015521063,0.5866962305986696,6.390243902439025,0.5917189876180683,0.646119733924612,7.301108647450111,0.6209149748964709,0.6984478935698448,10.701552106430155,0.6090617589288767,1.1303769401330377,26.42128603104213,0.4445751666165347,1.3933481152993348,78.3139689578714,0.5566732142775944,1.1596452328159645,14.011973392461197,0.5475142070709061,0.4811529933481153,14.21419068736142,0.6726502650943867
