step,system_total_stopped,system_total_waiting_time,system_mean_waiting_time,system_mean_speed,system_cars_present,system_accumulated_waiting_time (100),system_accumulated_mean_waiting_time (100),system_accumulated_waiting_time (delta),system_accumulated_mean_waiting_time (delta),agents_total_stopped,agents_total_accumulated_waiting_time (100),agents_total_accumulated_waiting_time (delta),agents_mean_speed,agents_mean_waiting_time (100),agents_mean_waiting_time (delta),agents_cars_present,Ing7_1_stopped,Ing7_1_accumulated_waiting_time,Ing7_1_average_speed,Ing7_2_stopped,Ing7_2_accumulated_waiting_time,Ing7_2_average_speed,Ing7_3_stopped,Ing7_3_accumulated_waiting_time,Ing7_3_average_speed,Ing7_4_stopped,Ing7_4_accumulated_waiting_time,Ing7_4_average_speed,Ing7_5_stopped,Ing7_5_accumulated_waiting_time,Ing7_5_average_speed,Ing7_6_stopped,Ing7_6_accumulated_waiting_time,Ing7_6_average_speed,Ing7_7_stopped,Ing7_7_accumulated_waiting_time,Ing7_7_average_speed
1800.0,6.696674057649667,41.59246119733925,0.6816112727364911,8.587393579493677,55.77028824833703,287.54146341463417,4.809873863702576,17.0980044345898,0.28255952769409387,4.544567627494457,60.815077605321505,10.884257206208426,7.415391363954765,2.4724300786351865,2.4724300786351865,21.733924611973393,0.4084257206208426,2.4328159645232814,0.6667719291541634,0.4815964523281596,4.684257206208426,0.6745828235673246,0.4997782705099778,6.106873614190687,0.6732566942210841,0.7148558758314856,5.458980044345898,0.5765019911805647,1.180931263858093,30.39379157427938,0.6172641193701383,0.9711751662971175,9.092239467849224,0.584985771327784,0.28780487804878047,2.646119733924612,0.7543458981302442
