step,system_total_stopped,system_total_waiting_time,system_mean_waiting_time,system_mean_speed,system_cars_present,system_accumulated_waiting_time (100),system_accumulated_mean_waiting_time (100),system_accumulated_waiting_time (delta),system_accumulated_mean_waiting_time (delta),agents_total_stopped,agents_total_accumulated_waiting_time (100),agents_total_accumulated_waiting_time (delta),agents_mean_speed,agents_mean_waiting_time (100),agents_mean_waiting_time (delta),agents_cars_present,Ing7_1_stopped,Ing7_1_accumulated_waiting_time,Ing7_1_average_speed,Ing7_2_stopped,Ing7_2_accumulated_waiting_time,Ing7_2_average_speed,Ing7_3_stopped,Ing7_3_accumulated_waiting_time,Ing7_3_average_speed,Ing7_4_stopped,Ing7_4_accumulated_waiting_time,Ing7_4_average_speed,Ing7_5_stopped,Ing7_5_accumulated_waiting_time,Ing7_5_average_speed,Ing7_6_stopped,Ing7_6_accumulated_waiting_time,Ing7_6_average_speed,Ing7_7_stopped,Ing7_7_accumulated_waiting_time,Ing7_7_average_speed
1800.0,6.593791574279379,36.236363636363635,0.5961132195839308,8.543985114318135,56.034589800443456,289.1037694013304,4.823163599331443,16.973835920177383,0.2798509123107494,4.521507760532151,57.12239467849224,10.93170731707317,7.321703725545057,2.3107376957628487,2.3107376957628487,21.94767184035477,0.45720620842572063,2.66430155210643,0.6332080885091451,0.4753880266075388,4.644789356984479,0.6732259164344367,0.517960088691796,5.988470066518847,0.6608618595515249,0.6638580931263858,4.396895787139689,0.5788737103224358,1.0266075388026608,25.8980044345898,0.6176930962990104,1.0580931263858093,10.847006651884701,0.5746203198228348,0.32239467849223946,2.682926829268293,0.716483240013353
