step,system_total_stopped,system_total_waiting_time,system_mean_waiting_time,system_mean_speed,system_cars_present,system_accumulated_waiting_time (100),system_accumulated_mean_waiting_time (100),system_accumulated_waiting_time (delta),system_accumulated_mean_waiting_time (delta),agents_total_stopped,agents_total_accumulated_waiting_time (100),agents_total_accumulated_waiting_time (delta),agents_mean_speed,agents_mean_waiting_time (100),agents_mean_waiting_time (delta),agents_cars_present,Col8_1_stopped,Col8_1_accumulated_waiting_time,Col8_1_average_speed,Col8_2_stopped,Col8_2_accumulated_waiting_time,Col8_2_average_speed,Col8_3_stopped,Col8_3_accumulated_waiting_time,Col8_3_average_speed,Col8_4_stopped,Col8_4_accumulated_waiting_time,Col8_4_average_speed,Col8_5_stopped,Col8_5_accumulated_waiting_time,Col8_5_average_speed,Col8_6_stopped,Col8_6_accumulated_waiting_time,Col8_6_average_speed,Col8_7_stopped,Col8_7_accumulated_waiting_time,Col8_7_average_speed,Col8_8_stopped,Col8_8_accumulated_waiting_time,Col8_8_average_speed
1800.0,3.376940133037694,16.0509977827051,0.2865759132072366,8.724072380003188,48.671840354767184,153.7427937915743,2.9504126191082802,9.971175166297117,0.18590983350593707,2.7716186252771617,35.827050997782706,6.421286031042128,8.227631474295482,1.3673320545195393,1.3673320545195393,23.144124168514413,1.319290465631929,18.50110864745011,0.7047006235731763,0.6363636363636364,7.691796008869179,0.7307447003294897,0.2328159645232816,4.798226164079822,0.7863738402563119,0.31042128603104213,2.4988913525498893,0.714445014482623,0.03547671840354767,0.15521064301552107,0.8772539764237324,0.1352549889135255,1.3658536585365855,0.8248802200739337,0.10199556541019955,0.7494456762749445,0.8428773919075813,0.0,0.06651884700665188,0.9967228719855814
