step,system_total_stopped,system_total_waiting_time,system_mean_waiting_time,system_mean_speed,system_cars_present,system_accumulated_waiting_time (100),system_accumulated_mean_waiting_time (100),system_accumulated_waiting_time (delta),system_accumulated_mean_waiting_time (delta),agents_total_stopped,agents_total_accumulated_waiting_time (100),agents_total_accumulated_waiting_time (delta),agents_mean_speed,agents_mean_waiting_time (100),agents_mean_waiting_time (delta),agents_cars_present,Col8_1_stopped,Col8_1_accumulated_waiting_time,Col8_1_average_speed,Col8_2_stopped,Col8_2_accumulated_waiting_time,Col8_2_average_speed,Col8_3_stopped,Col8_3_accumulated_waiting_time,Col8_3_average_speed,Col8_4_stopped,Col8_4_accumulated_waiting_time,Col8_4_average_speed,Col8_5_stopped,Col8_5_accumulated_waiting_time,Col8_5_average_speed,Col8_6_stopped,Col8_6_accumulated_waiting_time,Col8_6_average_speed,Col8_7_stopped,Col8_7_accumulated_waiting_time,Col8_7_average_speed,Col8_8_stopped,Col8_8_accumulated_waiting_time,Col8_8_average_speed
1805.5081967213114,2.758782201405152,11.407494145199063,0.2033700473228677,8.891956262257745,48.140515222482435,128.61826697892272,2.4665305163314533,7.437939110070258,0.14450938765311436,2.3185011709601873,31.114754098360656,4.967213114754099,8.467199840814464,1.1690073302800839,1.1690073302800839,22.852459016393443,1.215456674473068,16.611241217798593,0.7184842535912368,0.5292740046838408,6.529274004683841,0.7436129100127006,0.16393442622950818,4.768149882903981,0.8369600314877068,0.22482435597189696,1.629976580796253,0.7630746942766405,0.0,0.00702576112412178,0.9161211031097936,0.10304449648711944,0.882903981264637,0.8536156844951116,0.08196721311475409,0.6861826697892272,0.8663013399756954,0.0,0.0,0.9959293872597371
