step,system_total_stopped,system_total_waiting_time,system_mean_waiting_time,system_mean_speed,system_cars_present,system_accumulated_waiting_time (100),system_accumulated_mean_waiting_time (100),system_accumulated_waiting_time (delta),system_accumulated_mean_waiting_time (delta),agents_total_stopped,agents_total_accumulated_waiting_time (100),agents_total_accumulated_waiting_time (delta),agents_mean_speed,agents_mean_waiting_time (100),agents_mean_waiting_time (delta),agents_cars_present,Col8_1_stopped,Col8_1_accumulated_waiting_time,Col8_1_average_speed,Col8_2_stopped,Col8_2_accumulated_waiting_time,Col8_2_average_speed,Col8_3_stopped,Col8_3_accumulated_waiting_time,Col8_3_average_speed,Col8_4_stopped,Col8_4_accumulated_waiting_time,Col8_4_average_speed,Col8_5_stopped,Col8_5_accumulated_waiting_time,Col8_5_average_speed,Col8_6_stopped,Col8_6_accumulated_waiting_time,Col8_6_average_speed,Col8_7_stopped,Col8_7_accumulated_waiting_time,Col8_7_average_speed,Col8_8_stopped,Col8_8_accumulated_waiting_time,Col8_8_average_speed
1784.8038277511962,3.212918660287081,13.07177033492823,0.21482185924354613,8.487375654733595,51.72727272727273,161.13636363636363,2.756201236480465,8.019138755980862,0.14466342221697226,2.7679425837320575,49.15071770334928,5.141148325358851,7.860637855969931,1.45232720730981,1.45232720730981,26.33492822966507,1.5885167464114833,32.739234449760765,0.6501970683721154,0.5478468899521531,7.677033492822966,0.7497877007955169,0.2607655502392344,5.688995215311005,0.7794617664388126,0.18660287081339713,1.2392344497607655,0.7581876029423366,0.0,0.011961722488038277,0.9196902826839508,0.09330143540669857,0.9449760765550239,0.8368516244177868,0.09090909090909091,0.8492822966507177,0.8389530788180039,0.0,0.0,0.9961812746019867
