step,system_total_stopped,system_total_waiting_time,system_mean_waiting_time,system_mean_speed,system_cars_present,system_accumulated_waiting_time (100),system_accumulated_mean_waiting_time (100),system_accumulated_waiting_time (delta),system_accumulated_mean_waiting_time (delta),agents_total_stopped,agents_total_accumulated_waiting_time (100),agents_total_accumulated_waiting_time (delta),agents_mean_speed,agents_mean_waiting_time (100),agents_mean_waiting_time (delta),agents_cars_present,Col8_1_stopped,Col8_1_accumulated_waiting_time,Col8_1_average_speed,Col8_2_stopped,Col8_2_accumulated_waiting_time,Col8_2_average_speed,Col8_3_stopped,Col8_3_accumulated_waiting_time,Col8_3_average_speed,Col8_4_stopped,Col8_4_accumulated_waiting_time,Col8_4_average_speed,Col8_5_stopped,Col8_5_accumulated_waiting_time,Col8_5_average_speed,Col8_6_stopped,Col8_6_accumulated_waiting_time,Col8_6_average_speed,Col8_7_stopped,Col8_7_accumulated_waiting_time,Col8_7_average_speed,Col8_8_stopped,Col8_8_accumulated_waiting_time,Col8_8_average_speed
1794.698113207547,3.1910377358490565,12.68632075471698,0.20844676303894222,8.554073045364836,50.573113207547166,152.4009433962264,2.687185830998749,7.820754716981132,0.1436939203560329,2.7358490566037736,41.5188679245283,4.849056603773585,7.885174578657869,1.3521240140110986,1.3521240140110986,25.058962264150942,1.4811320754716981,25.568396226415093,0.6626648352064071,0.6061320754716981,7.21933962264151,0.7263125837356295,0.2240566037735849,5.205188679245283,0.7855290261776573,0.2169811320754717,1.4410377358490567,0.7568288501526657,0.0,0.07311320754716981,0.9178418325021115,0.08726415094339622,1.1886792452830188,0.8620251895606093,0.12028301886792453,0.8089622641509434,0.8105047345103689,0.0,0.014150943396226415,0.9914969203644024
