step,system_total_stopped,system_total_waiting_time,system_mean_waiting_time,system_mean_speed,system_cars_present,system_accumulated_waiting_time (100),system_accumulated_mean_waiting_time (100),system_accumulated_waiting_time (delta),system_accumulated_mean_waiting_time (delta),agents_total_stopped,agents_total_accumulated_waiting_time (100),agents_total_accumulated_waiting_time (delta),agents_mean_speed,agents_mean_waiting_time (100),agents_mean_waiting_time (delta),agents_cars_present,Col8_1_stopped,Col8_1_accumulated_waiting_time,Col8_1_average_speed,Col8_2_stopped,Col8_2_accumulated_waiting_time,Col8_2_average_speed,Col8_3_stopped,Col8_3_accumulated_waiting_time,Col8_3_average_speed,Col8_4_stopped,Col8_4_accumulated_waiting_time,Col8_4_average_speed,Col8_5_stopped,Col8_5_accumulated_waiting_time,Col8_5_average_speed,Col8_6_stopped,Col8_6_accumulated_waiting_time,Col8_6_average_speed,Col8_7_stopped,Col8_7_accumulated_waiting_time,Col8_7_average_speed,Col8_8_stopped,Col8_8_accumulated_waiting_time,Col8_8_average_speed
1804.0,4.385,15.836666666666666,0.2514587637639408,8.144871214676145,54.599444444444444,245.28944444444446,4.065540016321165,10.684444444444445,0.1797132426530587,3.8216666666666668,70.23055555555555,7.35,7.2713974372965975,1.9572153570156003,1.9572153570156003,28.837222222222223,1.9272222222222222,45.19888888888889,0.61488754980003,0.6988888888888889,10.823888888888888,0.7166886300197156,0.4161111111111111,6.991666666666666,0.7494809535654695,0.37666666666666665,3.0705555555555555,0.6904019390973741,0.028333333333333332,0.14277777777777778,0.8899986120914274,0.20166666666666666,2.338888888888889,0.7888381492137142,0.16166666666666665,1.5811111111111111,0.7933429185714203,0.011111111111111112,0.08277777777777778,0.9785283125267958
