step,system_total_stopped,system_total_waiting_time,system_mean_waiting_time,system_mean_speed,system_cars_present,system_accumulated_waiting_time (100),system_accumulated_mean_waiting_time (100),system_accumulated_waiting_time (delta),system_accumulated_mean_waiting_time (delta),agents_total_stopped,agents_total_accumulated_waiting_time (100),agents_total_accumulated_waiting_time (delta),agents_mean_speed,agents_mean_waiting_time (100),agents_mean_waiting_time (delta),agents_cars_present,Col8_1_stopped,Col8_1_accumulated_waiting_time,Col8_1_average_speed,Col8_2_stopped,Col8_2_accumulated_waiting_time,Col8_2_average_speed,Col8_3_stopped,Col8_3_accumulated_waiting_time,Col8_3_average_speed,Col8_4_stopped,Col8_4_accumulated_waiting_time,Col8_4_average_speed,Col8_5_stopped,Col8_5_accumulated_waiting_time,Col8_5_average_speed,Col8_6_stopped,Col8_6_accumulated_waiting_time,Col8_6_average_speed,Col8_7_stopped,Col8_7_accumulated_waiting_time,Col8_7_average_speed,Col8_8_stopped,Col8_8_accumulated_waiting_time,Col8_8_average_speed
1800.0,3.567627494456763,30.0509977827051,0.5764185559042906,8.66808989936661,49.048780487804876,190.52106430155212,3.5393559556580865,11.195121951219512,0.20698305368579764,2.953436807095344,53.12638580931264,8.312638580931264,8.135668879142521,2.2017472399305213,2.2017472399305213,23.379157427937916,1.2328159645232817,15.995565410199557,0.7057515499161318,0.5831485587583148,9.339246119733925,0.721089000607091,0.352549889135255,7.532150776053215,0.773455458851632,0.30155210643015523,2.190687361419069,0.7177671324842678,0.026607538802660754,0.17516629711751663,0.8910963291097572,0.1286031042128603,1.5676274944567627,0.8214622943544452,0.328159645232816,16.305986696230597,0.784529813776856,0.0,0.019955654101995565,0.995830082211213
