step,system_total_stopped,system_total_waiting_time,system_mean_waiting_time,system_mean_speed,system_cars_present,system_accumulated_waiting_time (100),system_accumulated_mean_waiting_time (100),system_accumulated_waiting_time (delta),system_accumulated_mean_waiting_time (delta),agents_total_stopped,agents_total_accumulated_waiting_time (100),agents_total_accumulated_waiting_time (delta),agents_mean_speed,agents_mean_waiting_time (100),agents_mean_waiting_time (delta),agents_cars_present,B1_stopped,B1_accumulated_waiting_time,B1_average_speed,B10_stopped,B10_accumulated_waiting_time,B10_average_speed,B11_stopped,B11_accumulated_waiting_time,B11_average_speed,B12_stopped,B12_accumulated_waiting_time,B12_average_speed,B2_stopped,B2_accumulated_waiting_time,B2_average_speed,B3_stopped,B3_accumulated_waiting_time,B3_average_speed,B4_stopped,B4_accumulated_waiting_time,B4_average_speed,B5_stopped,B5_accumulated_waiting_time,B5_average_speed,B6_stopped,B6_accumulated_waiting_time,B6_average_speed,B7_stopped,B7_accumulated_waiting_time,B7_average_speed,B8_stopped,B8_accumulated_waiting_time,B8_average_speed,B9_stopped,B9_accumulated_waiting_time,B9_average_speed
1804.0,11.32488888888889,141.476,0.9923693112504836,10.976603115137564,112.52977777777778,1008.9364444444444,7.738334068829436,26.00488888888889,0.2032570351454997,6.071555555555555,88.94533333333334,19.309333333333335,8.294975177422447,2.8329100486692527,2.8329100486692527,27.62488888888889,0.7697777777777778,7.302666666666667,0.41869410742586727,0.1328888888888889,7.864444444444445,0.7938681793473411,1.3182222222222222,28.692888888888888,0.45589614521629057,0.264,2.716,0.6904629920196395,0.15688888888888888,1.3813333333333333,0.7016969155873337,0.4791111111111111,4.5937777777777775,0.6261428181824154,0.31555555555555553,4.109333333333334,0.6971998754342887,0.46755555555555556,5.488444444444444,0.6510290552523235,0.8906666666666667,9.357777777777779,0.5028774230091796,0.17955555555555555,2.962222222222222,0.7427685649574061,0.05288888888888889,0.9444444444444444,0.8791137300966944,1.0444444444444445,13.532,0.5091819168266993
