step,system_total_stopped,system_total_waiting_time,system_mean_waiting_time,system_mean_speed,system_cars_present,system_accumulated_waiting_time (100),system_accumulated_mean_waiting_time (100),system_accumulated_waiting_time (delta),system_accumulated_mean_waiting_time (delta),agents_total_stopped,agents_total_accumulated_waiting_time (100),agents_total_accumulated_waiting_time (delta),agents_mean_speed,agents_mean_waiting_time (100),agents_mean_waiting_time (delta),agents_cars_present,B1_stopped,B1_accumulated_waiting_time,B1_average_speed,B10_stopped,B10_accumulated_waiting_time,B10_average_speed,B11_stopped,B11_accumulated_waiting_time,B11_average_speed,B12_stopped,B12_accumulated_waiting_time,B12_average_speed,B2_stopped,B2_accumulated_waiting_time,B2_average_speed,B3_stopped,B3_accumulated_waiting_time,B3_average_speed,B4_stopped,B4_accumulated_waiting_time,B4_average_speed,B5_stopped,B5_accumulated_waiting_time,B5_average_speed,B6_stopped,B6_accumulated_waiting_time,B6_average_speed,B7_stopped,B7_accumulated_waiting_time,B7_average_speed,B8_stopped,B8_accumulated_waiting_time,B8_average_speed,B9_stopped,B9_accumulated_waiting_time,B9_average_speed
1804.0,30.454666666666668,10160.341333333334,32.19358980352671,10.265108111568972,129.5631111111111,11493.913333333334,40.88190590198333,137.35644444444443,0.5858165381157291,13.11511111111111,4241.427555555556,56.65022222222222,7.587158537048703,49.577516836060276,49.577516836060276,34.03288888888889,0.7057777777777777,6.364444444444445,0.4402434667967535,0.152,10.589333333333334,0.7784176257189548,6.9991111111111115,3748.516888888889,0.39642096612135425,1.0888888888888888,412.532,0.6753887327504696,0.11288888888888889,1.0884444444444445,0.7310516372226497,0.5977777777777777,6.682222222222222,0.6077062007286669,0.5071111111111111,8.96888888888889,0.6555803062312509,0.8573333333333333,19.092444444444446,0.5756939981029529,0.9488888888888889,10.76088888888889,0.5082640222825184,0.1302222222222222,2.640888888888889,0.796731878661831,0.05288888888888889,1.0422222222222222,0.9018988121459907,0.9622222222222222,13.148888888888889,0.5317636944635504
