step,system_total_stopped,system_total_waiting_time,system_mean_waiting_time,system_mean_speed,system_cars_present,system_accumulated_waiting_time (100),system_accumulated_mean_waiting_time (100),system_accumulated_waiting_time (delta),system_accumulated_mean_waiting_time (delta),agents_total_stopped,agents_total_accumulated_waiting_time (100),agents_total_accumulated_waiting_time (delta),agents_mean_speed,agents_mean_waiting_time (100),agents_mean_waiting_time (delta),agents_cars_present,B1_stopped,B1_accumulated_waiting_time,B1_average_speed,B10_stopped,B10_accumulated_waiting_time,B10_average_speed,B11_stopped,B11_accumulated_waiting_time,B11_average_speed,B12_stopped,B12_accumulated_waiting_time,B12_average_speed,B2_stopped,B2_accumulated_waiting_time,B2_average_speed,B3_stopped,B3_accumulated_waiting_time,B3_average_speed,B4_stopped,B4_accumulated_waiting_time,B4_average_speed,B5_stopped,B5_accumulated_waiting_time,B5_average_speed,B6_stopped,B6_accumulated_waiting_time,B6_average_speed,B7_stopped,B7_accumulated_waiting_time,B7_average_speed,B8_stopped,B8_accumulated_waiting_time,B8_average_speed,B9_stopped,B9_accumulated_waiting_time,B9_average_speed
1804.0,13.789777777777777,203.89555555555555,1.4335149767097621,10.79246774551418,114.92666666666666,1354.7786666666666,10.11667804587817,32.282222222222224,0.2498882912080836,8.117333333333333,147.58666666666667,27.416444444444444,7.820569962298964,4.401030716325613,4.401030716325613,29.644444444444446,0.9728888888888889,15.952444444444444,0.383546140171859,0.2071111111111111,11.43288888888889,0.7670795485271891,1.8493333333333333,43.71422222222222,0.4283611554578538,0.31822222222222224,3.442222222222222,0.6867133809468945,0.1608888888888889,1.6151111111111112,0.7054362358332887,0.6457777777777778,7.3822222222222225,0.5930345529325876,0.5053333333333333,8.61511111111111,0.6534449370215164,0.7911111111111111,15.667555555555555,0.5801587400392858,1.1635555555555555,15.028444444444444,0.48511237074580155,0.21955555555555556,4.480888888888889,0.7533700090781648,0.09111111111111111,1.8293333333333333,0.8757105499344842,1.1924444444444444,18.426222222222222,0.48168539177628705
