step,system_total_stopped,system_total_waiting_time,system_mean_waiting_time,system_mean_speed,system_cars_present,system_accumulated_waiting_time (100),system_accumulated_mean_waiting_time (100),system_accumulated_waiting_time (delta),system_accumulated_mean_waiting_time (delta),agents_total_stopped,agents_total_accumulated_waiting_time (100),agents_total_accumulated_waiting_time (delta),agents_mean_speed,agents_mean_waiting_time (100),agents_mean_waiting_time (delta),agents_cars_present,Col8_1_stopped,Col8_1_accumulated_waiting_time,Col8_1_average_speed,Col8_2_stopped,Col8_2_accumulated_waiting_time,Col8_2_average_speed,Col8_3_stopped,Col8_3_accumulated_waiting_time,Col8_3_average_speed,Col8_4_stopped,Col8_4_accumulated_waiting_time,Col8_4_average_speed,Col8_5_stopped,Col8_5_accumulated_waiting_time,Col8_5_average_speed,Col8_6_stopped,Col8_6_accumulated_waiting_time,Col8_6_average_speed,Col8_7_stopped,Col8_7_accumulated_waiting_time,Col8_7_average_speed,Col8_8_stopped,Col8_8_accumulated_waiting_time,Col8_8_average_speed
1804.0,3.671111111111111,20.086666666666666,0.28496569160003743,8.532395925978935,51.437777777777775,196.98444444444445,3.1145311258129746,9.613333333333333,0.1590197973100969,3.1555555555555554,60.96888888888889,6.42,7.9603469323660985,1.6700747261717874,1.6700747261717874,25.995555555555555,1.6088888888888888,32.76888888888889,0.670844325213961,0.5155555555555555,8.233333333333333,0.730836961898583,0.5266666666666666,15.955555555555556,0.7680151611907622,0.25555555555555554,1.8844444444444444,0.7394830292297808,0.03111111111111111,0.11333333333333333,0.8948460836292003,0.10888888888888888,1.1311111111111112,0.8432577156638084,0.09777777777777778,0.8533333333333334,0.8445117924042527,0.011111111111111112,0.028888888888888888,0.9852825304456873
