step,system_total_stopped,system_total_waiting_time,system_mean_waiting_time,system_mean_speed,system_cars_present,system_accumulated_waiting_time (100),system_accumulated_mean_waiting_time (100),system_accumulated_waiting_time (delta),system_accumulated_mean_waiting_time (delta),agents_total_stopped,agents_total_accumulated_waiting_time (100),agents_total_accumulated_waiting_time (delta),agents_mean_speed,agents_mean_waiting_time (100),agents_mean_waiting_time (delta),agents_cars_present,Col8_1_stopped,Col8_1_accumulated_waiting_time,Col8_1_average_speed,Col8_2_stopped,Col8_2_accumulated_waiting_time,Col8_2_average_speed,Col8_3_stopped,Col8_3_accumulated_waiting_time,Col8_3_average_speed,Col8_4_stopped,Col8_4_accumulated_waiting_time,Col8_4_average_speed,Col8_5_stopped,Col8_5_accumulated_waiting_time,Col8_5_average_speed,Col8_6_stopped,Col8_6_accumulated_waiting_time,Col8_6_average_speed,Col8_7_stopped,Col8_7_accumulated_waiting_time,Col8_7_average_speed,Col8_8_stopped,Col8_8_accumulated_waiting_time,Col8_8_average_speed
1808.8163265306123,76.28117913832199,2005.2630385487528,12.650299752511417,3.327292769110957,149.20634920634922,21095.108843537415,128.09621544299563,253.5283446712018,1.6443751781769869,67.26757369614512,9156.385487528345,246.1950113378685,2.142695681798689,73.70522412983715,73.70522412983715,110.54875283446712,31.41950113378685,4271.18820861678,0.195695568858544,15.394557823129253,1777.857142857143,0.27223512386506277,13.201814058956916,2567.875283446712,0.2375286139174896,1.9569160997732427,71.28798185941044,0.41957526787288735,0.2947845804988662,3.145124716553288,0.7326853977614722,2.795918367346939,387.60090702947844,0.4301961000405129,2.1927437641723357,77.2766439909297,0.39107228251048,0.011337868480725623,0.15419501133786848,0.9822128884758679
