step,system_total_stopped,system_total_waiting_time,system_mean_waiting_time,system_mean_speed,system_cars_present,system_accumulated_waiting_time (100),system_accumulated_mean_waiting_time (100),system_accumulated_waiting_time (delta),system_accumulated_mean_waiting_time (delta),agents_total_stopped,agents_total_accumulated_waiting_time (100),agents_total_accumulated_waiting_time (delta),agents_mean_speed,agents_mean_waiting_time (100),agents_mean_waiting_time (delta),agents_cars_present,B1_stopped,B1_accumulated_waiting_time,B1_average_speed,B10_stopped,B10_accumulated_waiting_time,B10_average_speed,B11_stopped,B11_accumulated_waiting_time,B11_average_speed,B12_stopped,B12_accumulated_waiting_time,B12_average_speed,B2_stopped,B2_accumulated_waiting_time,B2_average_speed,B3_stopped,B3_accumulated_waiting_time,B3_average_speed,B4_stopped,B4_accumulated_waiting_time,B4_average_speed,B5_stopped,B5_accumulated_waiting_time,B5_average_speed,B6_stopped,B6_accumulated_waiting_time,B6_average_speed,B7_stopped,B7_accumulated_waiting_time,B7_average_speed,B8_stopped,B8_accumulated_waiting_time,B8_average_speed,B9_stopped,B9_accumulated_waiting_time,B9_average_speed
1804.0,42.20711111111111,765.7724444444444,5.059645669619259,8.440131953383224,144.42888888888888,4515.276,29.354644566681515,112.11288888888889,0.7817555109475651,37.08533333333333,911.0288888888889,146.69466666666668,3.981845552124024,13.550809227929745,13.550809227929745,60.2,5.237333333333333,198.88355555555555,0.13363966890685544,0.5915555555555555,18.11911111111111,0.5988316323190865,5.883555555555556,141.93333333333334,0.2289171540428277,1.836,32.28,0.3793170888214354,1.1137777777777778,23.154666666666667,0.4009936122494051,3.2266666666666666,72.52133333333333,0.3191504822646054,2.396888888888889,49.721333333333334,0.4023090787027835,2.390222222222222,48.282222222222224,0.4195280387507439,5.652444444444445,121.49555555555555,0.2553292935442403,1.4995555555555555,38.57955555555556,0.4309136667536271,0.6737777777777778,13.5,0.6590947243678917,6.583555555555556,152.5582222222222,0.23159945136220145
