step,system_total_stopped,system_total_waiting_time,system_mean_waiting_time,system_mean_speed,system_cars_present,system_accumulated_waiting_time (100),system_accumulated_mean_waiting_time (100),system_accumulated_waiting_time (delta),system_accumulated_mean_waiting_time (delta),agents_total_stopped,agents_total_accumulated_waiting_time (100),agents_total_accumulated_waiting_time (delta),agents_mean_speed,agents_mean_waiting_time (100),agents_mean_waiting_time (delta),agents_cars_present,Col8_1_stopped,Col8_1_accumulated_waiting_time,Col8_1_average_speed,Col8_2_stopped,Col8_2_accumulated_waiting_time,Col8_2_average_speed,Col8_3_stopped,Col8_3_accumulated_waiting_time,Col8_3_average_speed,Col8_4_stopped,Col8_4_accumulated_waiting_time,Col8_4_average_speed,Col8_5_stopped,Col8_5_accumulated_waiting_time,Col8_5_average_speed,Col8_6_stopped,Col8_6_accumulated_waiting_time,Col8_6_average_speed,Col8_7_stopped,Col8_7_accumulated_waiting_time,Col8_7_average_speed,Col8_8_stopped,Col8_8_accumulated_waiting_time,Col8_8_average_speed
1789.709090909091,21.131818181818183,372.5477272727273,4.806285829490939,6.177381574866463,71.81818181818181,2223.340909090909,27.645698883179268,69.80909090909091,0.9316417591532297,20.520454545454545,1176.6386363636364,75.6,4.548310892824466,20.294620429284702,20.294620429284702,45.50454545454546,10.506818181818181,961.709090909091,0.39322173213879924,3.525,80.23636363636363,0.4671819437274564,2.518181818181818,62.38409090909091,0.5213747276317384,1.4954545454545454,23.547727272727272,0.4754629292352941,0.03636363636363636,0.1,0.8699475190292487,1.1681818181818182,26.645454545454545,0.5484212690712198,1.2363636363636363,21.238636363636363,0.5273701200038479,0.03409090909090909,0.7772727272727272,0.959405336939636
