step,system_total_stopped,system_total_waiting_time,system_mean_waiting_time,system_mean_speed,system_cars_present,system_accumulated_waiting_time (100),system_accumulated_mean_waiting_time (100),system_accumulated_waiting_time (delta),system_accumulated_mean_waiting_time (delta),agents_total_stopped,agents_total_accumulated_waiting_time (100),agents_total_accumulated_waiting_time (delta),agents_mean_speed,agents_mean_waiting_time (100),agents_mean_waiting_time (delta),agents_cars_present,Ing7_1_stopped,Ing7_1_accumulated_waiting_time,Ing7_1_average_speed,Ing7_2_stopped,Ing7_2_accumulated_waiting_time,Ing7_2_average_speed,Ing7_3_stopped,Ing7_3_accumulated_waiting_time,Ing7_3_average_speed,Ing7_4_stopped,Ing7_4_accumulated_waiting_time,Ing7_4_average_speed,Ing7_5_stopped,Ing7_5_accumulated_waiting_time,Ing7_5_average_speed,Ing7_6_stopped,Ing7_6_accumulated_waiting_time,Ing7_6_average_speed,Ing7_7_stopped,Ing7_7_accumulated_waiting_time,Ing7_7_average_speed
1804.0,11.237333333333334,110.75555555555556,1.523543710395194,7.5468589945414895,64.43911111111112,849.8884444444444,12.17344569074403,35.25955555555556,0.49024145206232556,7.421777777777778,216.676,22.54222222222222,6.1455288668793235,7.093058920375629,7.093058920375629,26.476,0.41733333333333333,2.7151111111111113,0.6447364009788724,0.7013333333333334,11.066222222222223,0.6289835535438106,0.5177777777777778,6.5777777777777775,0.6517600468744117,0.5768888888888889,5.545333333333334,0.5683471722591227,2.574222222222222,128.64355555555557,0.45676447198806736,2.052888888888889,51.995111111111115,0.45918618813153644,0.5813333333333334,10.132888888888889,0.6255255080597019
