step,system_total_stopped,system_total_waiting_time,system_mean_waiting_time,system_mean_speed,system_cars_present,system_accumulated_waiting_time (100),system_accumulated_mean_waiting_time (100),system_accumulated_waiting_time (delta),system_accumulated_mean_waiting_time (delta),agents_total_stopped,agents_total_accumulated_waiting_time (100),agents_total_accumulated_waiting_time (delta),agents_mean_speed,agents_mean_waiting_time (100),agents_mean_waiting_time (delta),agents_cars_present,Ing7_1_stopped,Ing7_1_accumulated_waiting_time,Ing7_1_average_speed,Ing7_2_stopped,Ing7_2_accumulated_waiting_time,Ing7_2_average_speed,Ing7_3_stopped,Ing7_3_accumulated_waiting_time,Ing7_3_average_speed,Ing7_4_stopped,Ing7_4_accumulated_waiting_time,Ing7_4_average_speed,Ing7_5_stopped,Ing7_5_accumulated_waiting_time,Ing7_5_average_speed,Ing7_6_stopped,Ing7_6_accumulated_waiting_time,Ing7_6_average_speed,Ing7_7_stopped,Ing7_7_accumulated_waiting_time,Ing7_7_average_speed
1804.0,12.537333333333333,126.17288888888889,1.6804658104801509,7.311588885949209,66.74088888888889,1163.464888888889,16.00706030470302,38.708444444444446,0.5173990565569755,7.995555555555556,247.03644444444444,25.601333333333333,5.882209665242259,8.042703520461147,8.042703520461147,27.28977777777778,0.4537777777777778,2.989777777777778,0.6332600127113167,0.6991111111111111,11.066222222222223,0.6206029719018962,0.5684444444444444,7.689333333333333,0.6405116434643159,0.6822222222222222,7.161777777777778,0.5463545649810136,2.656888888888889,137.1928888888889,0.4401136036969342,2.2564444444444445,62.43822222222222,0.4358334773246872,0.6786666666666666,18.49822222222222,0.6059110228603269
