step,system_total_stopped,system_total_waiting_time,system_mean_waiting_time,system_mean_speed,system_cars_present,system_accumulated_waiting_time (100),system_accumulated_mean_waiting_time (100),system_accumulated_waiting_time (delta),system_accumulated_mean_waiting_time (delta),agents_total_stopped,agents_total_accumulated_waiting_time (100),agents_total_accumulated_waiting_time (delta),agents_mean_speed,agents_mean_waiting_time (100),agents_mean_waiting_time (delta),agents_cars_present,B1_stopped,B1_accumulated_waiting_time,B1_average_speed,B10_stopped,B10_accumulated_waiting_time,B10_average_speed,B11_stopped,B11_accumulated_waiting_time,B11_average_speed,B12_stopped,B12_accumulated_waiting_time,B12_average_speed,B2_stopped,B2_accumulated_waiting_time,B2_average_speed,B3_stopped,B3_accumulated_waiting_time,B3_average_speed,B4_stopped,B4_accumulated_waiting_time,B4_average_speed,B5_stopped,B5_accumulated_waiting_time,B5_average_speed,B6_stopped,B6_accumulated_waiting_time,B6_average_speed,B7_stopped,B7_accumulated_waiting_time,B7_average_speed,B8_stopped,B8_accumulated_waiting_time,B8_average_speed,B9_stopped,B9_accumulated_waiting_time,B9_average_speed
1804.0,13.59911111111111,185.7511111111111,1.3167297025933868,10.790082005835542,115.0111111111111,1326.1662222222221,9.828793125081944,31.89377777777778,0.2446928747214208,7.967555555555555,166.99466666666666,25.514666666666667,7.855000488014827,4.668161662474765,4.668161662474765,29.719555555555555,0.916,13.021333333333333,0.38008409946064486,0.15644444444444444,10.614222222222223,0.7852640737329509,2.018222222222222,67.91688888888889,0.4239171465581513,0.34444444444444444,3.982222222222222,0.6632816413441734,0.14844444444444443,1.5506666666666666,0.6987119874119887,0.6324444444444445,7.669777777777778,0.6056560325936204,0.552,10.318222222222222,0.649589714215089,0.7635555555555555,14.277777777777779,0.5945208317752282,1.0804444444444445,16.017777777777777,0.49087473891672895,0.1902222222222222,3.580888888888889,0.7682049065493526,0.068,1.3102222222222222,0.8871638405663884,1.0973333333333333,16.734666666666666,0.4984879236197299
