step,system_total_stopped,system_total_waiting_time,system_mean_waiting_time,system_mean_speed,system_cars_present,system_accumulated_waiting_time (100),system_accumulated_mean_waiting_time (100),system_accumulated_waiting_time (delta),system_accumulated_mean_waiting_time (delta),agents_total_stopped,agents_total_accumulated_waiting_time (100),agents_total_accumulated_waiting_time (delta),agents_mean_speed,agents_mean_waiting_time (100),agents_mean_waiting_time (delta),agents_cars_present,B1_stopped,B1_accumulated_waiting_time,B1_average_speed,B10_stopped,B10_accumulated_waiting_time,B10_average_speed,B11_stopped,B11_accumulated_waiting_time,B11_average_speed,B12_stopped,B12_accumulated_waiting_time,B12_average_speed,B2_stopped,B2_accumulated_waiting_time,B2_average_speed,B3_stopped,B3_accumulated_waiting_time,B3_average_speed,B4_stopped,B4_accumulated_waiting_time,B4_average_speed,B5_stopped,B5_accumulated_waiting_time,B5_average_speed,B6_stopped,B6_accumulated_waiting_time,B6_average_speed,B7_stopped,B7_accumulated_waiting_time,B7_average_speed,B8_stopped,B8_accumulated_waiting_time,B8_average_speed,B9_stopped,B9_accumulated_waiting_time,B9_average_speed
1804.0,12.790666666666667,195.69022222222222,1.3055761526504122,10.858857733977223,114.21733333333333,1339.4746666666667,9.740168154160258,31.869777777777777,0.23646304524881795,6.5008888888888885,125.70222222222222,23.35688888888889,8.167667290512549,3.6829870882052784,3.6829870882052784,28.172444444444444,0.6693333333333333,6.394222222222222,0.4285255740066935,0.16577777777777777,10.812888888888889,0.7931417978344226,1.5497777777777777,52.95066666666666,0.44048928051376285,0.28888888888888886,3.464888888888889,0.6843579881128643,0.16533333333333333,1.5444444444444445,0.7068188586688935,0.54,5.656,0.6173910988904325,0.38355555555555554,5.498666666666667,0.6802598421407323,0.508,6.863111111111111,0.6227570625685451,0.8911111111111111,10.944,0.5023152855653017,0.21244444444444444,3.2666666666666666,0.7309762252755271,0.06666666666666667,1.2462222222222221,0.8707768156421171,1.06,17.060444444444446,0.4964795692352601
