step,system_total_stopped,system_total_waiting_time,system_mean_waiting_time,system_mean_speed,system_cars_present,system_accumulated_waiting_time (100),system_accumulated_mean_waiting_time (100),system_accumulated_waiting_time (delta),system_accumulated_mean_waiting_time (delta),agents_total_stopped,agents_total_accumulated_waiting_time (100),agents_total_accumulated_waiting_time (delta),agents_mean_speed,agents_mean_waiting_time (100),agents_mean_waiting_time (delta),agents_cars_present,B1_stopped,B1_accumulated_waiting_time,B1_average_speed,B10_stopped,B10_accumulated_waiting_time,B10_average_speed,B11_stopped,B11_accumulated_waiting_time,B11_average_speed,B12_stopped,B12_accumulated_waiting_time,B12_average_speed,B2_stopped,B2_accumulated_waiting_time,B2_average_speed,B3_stopped,B3_accumulated_waiting_time,B3_average_speed,B4_stopped,B4_accumulated_waiting_time,B4_average_speed,B5_stopped,B5_accumulated_waiting_time,B5_average_speed,B6_stopped,B6_accumulated_waiting_time,B6_average_speed,B7_stopped,B7_accumulated_waiting_time,B7_average_speed,B8_stopped,B8_accumulated_waiting_time,B8_average_speed,B9_stopped,B9_accumulated_waiting_time,B9_average_speed
1804.0,12.141777777777778,178.06444444444443,1.211672669537255,10.900283569976258,113.66266666666667,1223.5857777777778,8.97546828902139,28.3,0.21565660461863848,6.300888888888889,99.24977777777778,21.506666666666668,8.214607267547672,3.057990926976059,3.057990926976059,28.003555555555554,0.7031111111111111,6.395111111111111,0.4261624506375235,0.116,8.058666666666667,0.8084341064409111,1.4075555555555554,33.13733333333333,0.452847179334386,0.29555555555555557,2.990222222222222,0.6747044931873247,0.14666666666666667,1.3497777777777777,0.708253795745026,0.512,5.0857777777777775,0.6164369839310774,0.372,5.504444444444444,0.6764059672177324,0.5128888888888888,6.168,0.6255315089354827,0.8822222222222222,9.934222222222223,0.4938650116032754,0.21155555555555555,3.0395555555555553,0.725802129397191,0.07555555555555556,1.1288888888888888,0.8670612682418737,1.0657777777777777,16.45777777777778,0.4930859760198655
