step,system_total_stopped,system_total_waiting_time,system_mean_waiting_time,system_mean_speed,system_cars_present,system_accumulated_waiting_time (100),system_accumulated_mean_waiting_time (100),system_accumulated_waiting_time (delta),system_accumulated_mean_waiting_time (delta),agents_total_stopped,agents_total_accumulated_waiting_time (100),agents_total_accumulated_waiting_time (delta),agents_mean_speed,agents_mean_waiting_time (100),agents_mean_waiting_time (delta),agents_cars_present,Ing7_1_stopped,Ing7_1_accumulated_waiting_time,Ing7_1_average_speed,Ing7_2_stopped,Ing7_2_accumulated_waiting_time,Ing7_2_average_speed,Ing7_3_stopped,Ing7_3_accumulated_waiting_time,Ing7_3_average_speed,Ing7_4_stopped,Ing7_4_accumulated_waiting_time,Ing7_4_average_speed,Ing7_5_stopped,Ing7_5_accumulated_waiting_time,Ing7_5_average_speed,Ing7_6_stopped,Ing7_6_accumulated_waiting_time,Ing7_6_average_speed,Ing7_7_stopped,Ing7_7_accumulated_waiting_time,Ing7_7_average_speed
1804.0,13.341333333333333,129.0257777777778,1.6466428855363857,7.1415027297561835,68.48755555555556,1191.9106666666667,15.597526871028595,41.44311111111111,0.5359901447857764,8.706666666666667,295.6177777777778,27.304444444444446,5.662556330342413,8.75625135344604,8.75625135344604,28.820444444444444,0.44755555555555554,2.922222222222222,0.6374702744495554,0.6622222222222223,9.389777777777777,0.6246986982808788,0.6151111111111112,8.846222222222222,0.6254995642382386,0.7186666666666667,7.627111111111111,0.5241760999210091,3.1533333333333333,173.15244444444446,0.4142170412417436,2.3293333333333335,74.48577777777778,0.4306351377019836,0.7804444444444445,19.194222222222223,0.6021835554403325
