step,system_total_stopped,system_total_waiting_time,system_mean_waiting_time,system_mean_speed,system_cars_present,system_accumulated_waiting_time (100),system_accumulated_mean_waiting_time (100),system_accumulated_waiting_time (delta),system_accumulated_mean_waiting_time (delta),agents_total_stopped,agents_total_accumulated_waiting_time (100),agents_total_accumulated_waiting_time (delta),agents_mean_speed,agents_mean_waiting_time (100),agents_mean_waiting_time (delta),agents_cars_present,B1_stopped,B1_accumulated_waiting_time,B1_average_speed,B10_stopped,B10_accumulated_waiting_time,B10_average_speed,B11_stopped,B11_accumulated_waiting_time,B11_average_speed,B12_stopped,B12_accumulated_waiting_time,B12_average_speed,B2_stopped,B2_accumulated_waiting_time,B2_average_speed,B3_stopped,B3_accumulated_waiting_time,B3_average_speed,B4_stopped,B4_accumulated_waiting_time,B4_average_speed,B5_stopped,B5_accumulated_waiting_time,B5_average_speed,B6_stopped,B6_accumulated_waiting_time,B6_average_speed,B7_stopped,B7_accumulated_waiting_time,B7_average_speed,B8_stopped,B8_accumulated_waiting_time,B8_average_speed,B9_stopped,B9_accumulated_waiting_time,B9_average_speed
1800.0,13.360532150776054,209.16984478935697,1.4713470367512027,10.824337087799204,114.11130820399113,1319.8736141906872,9.953186601626765,31.146341463414632,0.24279308142955988,7.411086474501109,126.87893569844789,26.172062084257206,8.038598580093105,3.995459721189654,3.995459721189654,28.755654101995564,0.8957871396895787,16.182261640798227,0.40082460735976544,0.25099778270509976,11.360975609756098,0.7371318890886641,1.716629711751663,40.70155210643016,0.43580170127685014,0.35033259423503327,4.437250554323725,0.6909262443772081,0.2607538802660754,3.193791574279379,0.6544064618806407,0.6195121951219512,6.109534368070953,0.6152796448385376,0.3973392461197339,4.912195121951219,0.7035291064994768,0.5104212860310421,5.835476718403548,0.6603447086396653,0.8940133037694014,10.469179600886918,0.5277322289928242,0.26430155210643014,4.428824833702882,0.7192219448460724,0.11574279379157427,1.9800443458980044,0.8563599083373246,1.1352549889135255,17.267849223946786,0.5122325869369523
