step,system_total_stopped,system_total_waiting_time,system_mean_waiting_time,system_mean_speed,system_cars_present,system_accumulated_waiting_time (100),system_accumulated_mean_waiting_time (100),system_accumulated_waiting_time (delta),system_accumulated_mean_waiting_time (delta),agents_total_stopped,agents_total_accumulated_waiting_time (100),agents_total_accumulated_waiting_time (delta),agents_mean_speed,agents_mean_waiting_time (100),agents_mean_waiting_time (delta),agents_cars_present,B1_stopped,B1_accumulated_waiting_time,B1_average_speed,B10_stopped,B10_accumulated_waiting_time,B10_average_speed,B11_stopped,B11_accumulated_waiting_time,B11_average_speed,B12_stopped,B12_accumulated_waiting_time,B12_average_speed,B2_stopped,B2_accumulated_waiting_time,B2_average_speed,B3_stopped,B3_accumulated_waiting_time,B3_average_speed,B4_stopped,B4_accumulated_waiting_time,B4_average_speed,B5_stopped,B5_accumulated_waiting_time,B5_average_speed,B6_stopped,B6_accumulated_waiting_time,B6_average_speed,B7_stopped,B7_accumulated_waiting_time,B7_average_speed,B8_stopped,B8_accumulated_waiting_time,B8_average_speed,B9_stopped,B9_accumulated_waiting_time,B9_average_speed
1800.0,11.094456762749445,122.11973392461198,0.8429169158334446,11.054818088605641,111.57827050997783,950.6784922394678,7.217947200787248,24.741463414634147,0.19283294593697625,5.905543237250554,82.64390243902439,19.09490022172949,8.544625565881107,2.5951702590512316,2.5951702590512316,27.191130820399113,0.6505543237250554,5.016851441241685,0.46778728393052904,0.15077605321507762,7.282039911308204,0.7778971798584873,1.3929046563192904,29.247893569844788,0.46133690503086205,0.21419068736141908,1.689578713968958,0.7551141147635849,0.17028824833702882,1.4235033259423504,0.710309070539583,0.47804878048780486,3.978713968957871,0.6444524426760092,0.29889135254988913,3.341019955654102,0.7477253951179302,0.38004434589800445,3.5352549889135254,0.7034820004483947,0.8838137472283814,8.880266075388027,0.5420840877072894,0.19778270509977827,3.4221729490022175,0.7659106408883469,0.11130820399113082,1.7033259423503326,0.8742206955052496,0.976940133037694,13.123281596452328,0.5497008646267508
