step,system_total_stopped,system_total_waiting_time,system_mean_waiting_time,system_mean_speed,system_cars_present,system_accumulated_waiting_time (100),system_accumulated_mean_waiting_time (100),system_accumulated_waiting_time (delta),system_accumulated_mean_waiting_time (delta),agents_total_stopped,agents_total_accumulated_waiting_time (100),agents_total_accumulated_waiting_time (delta),agents_mean_speed,agents_mean_waiting_time (100),agents_mean_waiting_time (delta),agents_cars_present,B1_stopped,B1_accumulated_waiting_time,B1_average_speed,B10_stopped,B10_accumulated_waiting_time,B10_average_speed,B11_stopped,B11_accumulated_waiting_time,B11_average_speed,B12_stopped,B12_accumulated_waiting_time,B12_average_speed,B2_stopped,B2_accumulated_waiting_time,B2_average_speed,B3_stopped,B3_accumulated_waiting_time,B3_average_speed,B4_stopped,B4_accumulated_waiting_time,B4_average_speed,B5_stopped,B5_accumulated_waiting_time,B5_average_speed,B6_stopped,B6_accumulated_waiting_time,B6_average_speed,B7_stopped,B7_accumulated_waiting_time,B7_average_speed,B8_stopped,B8_accumulated_waiting_time,B8_average_speed,B9_stopped,B9_accumulated_waiting_time,B9_average_speed
1800.0,11.650110864745011,176.72461197339246,1.1936519319684082,11.044040413764598,111.97383592017738,1161.6882483370289,8.504101868611682,28.081152993348116,0.2135510773886117,5.7356984478935695,89.08470066518846,22.07627494456763,8.627462198040904,2.7991103229772896,2.7991103229772896,26.76541019955654,0.5991130820399113,4.364966740576497,0.4957912716932482,0.16008869179600888,7.764966740576496,0.780113447840133,1.3592017738359201,34.20931263858093,0.46663244209158194,0.22572062084257205,1.8611973392461196,0.7388665492591147,0.1631929046563193,1.5352549889135254,0.7147116299081543,0.482039911308204,3.972949002217295,0.6462734502719205,0.2660753880266075,3.02039911308204,0.746028575995989,0.3729490022172949,3.2864745011086476,0.707969102760679,0.8372505543237251,9.276718403547672,0.533002228203193,0.16762749445676275,3.0749445676274942,0.7763814329527362,0.11574279379157427,1.4323725055432373,0.8609413062022179,0.9866962305986696,15.285144124168514,0.5560905084241188
